{
  "selected_cam": 0,
  "cameras": [
    {
      "id": 0,
      "polygons": [
        {
          "coord": [
            [
              200,
              719.9333343505859
            ],
            [
              132,
              339.93333435058594
            ],
            [
              738,
              358.93333435058594
            ],
            [
              686,
              717.9333343505859
            ]
          ],
          "seen": 0,
          "name": "Polygon-1"
        },
        {
          "coord": [
            [
              783,
              713.9333343505859
            ],
            [
              777,
              186.93333435058594
            ],
            [
              1076,
              173.93333435058594
            ],
            [
              1076,
              716.9333343505859
            ]
          ],
          "seen": 0,
          "name": "Polygon-2"
        }
      ]
    },
    {
      "id": 1,
      "polygons": [
        {
          "coord": [
            [
              601,
              601.9333343505859
            ],
            [
              574,
              4.9333343505859375
            ],
            [
              1076,
              8.933334350585938
            ],
            [
              1076,
              612.9333343505859
            ]
          ],
          "seen": 0,
          "name": "Polygon-1"
        },
        {
          "coord": [],
          "seen": 0,
          "name": ""
        }
      ]
    }
  ]
}