{
  "selected_cam": 1,
  "cameras": [
    {
      "id": 25,
      "polygons": [
        {
          "coord": [
            [
              224.51666259765625,
              243.5
            ],
            [
              237.51666259765625,
              95.5
            ],
            [
              444.51666259765625,
              113.5
            ],
            [
              392.51666259765625,
              302.5
            ],
            [
              253.51666259765625,
              284.5
            ]
          ],
          "seen": 0,
          "name": "Polygon-1"
        },
        {
          "coord": [
            [
              548.5166625976562,
              300.5
            ],
            [
              501.51666259765625,
              114.5
            ],
            [
              436.51666259765625,
              318.5
            ],
            [
              523.5166625976562,
              346.5
            ]
          ],
          "seen": 0,
          "name": "Polygon-2"
        }
      ]
    },
    {
      "id": 26,
      "polygons": [
        {
          "coord": [
            [
              83.51666259765625,
              330.5
            ],
            [
              82.51666259765625,
              116.5
            ],
            [
              462.51666259765625,
              261.5
            ],
            [
              256.51666259765625,
              330.5
            ]
          ],
          "seen": 0,
          "name": "Polygon-1"
        },
        {
          "coord": [
            [
              475.51666259765625,
              188.5
            ],
            [
              417.51666259765625,
              27.5
            ],
            [
              538.5166625976562,
              62.5
            ],
            [
              488.51666259765625,
              337.5
            ],
            [
              444.51666259765625,
              325.5
            ]
          ],
          "seen": 0,
          "name": "Polygon-2"
        }
      ]
    }
  ],
  "deleted_ids": [],
  "selected_cam_id": 26
}